INSERT IGNORE INTO department(DEPARTMENT_NAME, CREATE_DATE) VALUES ('Management', '2016-01-01 00:00:00')
INSERT IGNORE INTO department(DEPARTMENT_NAME, CREATE_DATE) VALUES ('Accounting', '2016-01-01 00:00:00')
INSERT IGNORE INTO department(DEPARTMENT_NAME, CREATE_DATE) VALUES ('IT', '2016-01-01 00:00:00')
INSERT IGNORE INTO department(DEPARTMENT_NAME, CREATE_DATE) VALUES ('Sales & Marketing', '2016-01-01 00:00:00')
INSERT IGNORE INTO department(DEPARTMENT_NAME, CREATE_DATE) VALUES ('Human Resources', '2016-01-01 00:00:00')


INSERT IGNORE INTO team (TEAM_NAME, DEPARTMENT_ID, CREATE_DATE) VALUES  ('Top-Management', 'Management', '2016-01-01 00:00:00')

INSERT IGNORE INTO team (TEAM_NAME, DEPARTMENT_ID, CREATE_DATE ) VALUES  ('Coordination & Control', 'Management', '2016-01-01 00:00:00')


INSERT IGNORE INTO team (TEAM_NAME, DEPARTMENT_ID, CREATE_DATE) VALUES  ('Invoice Clients', 'Accounting', '2016-01-01 00:00:00')

INSERT IGNORE INTO team (TEAM_NAME, DEPARTMENT_ID, CREATE_DATE) VALUES  ('Inventory Management', 'Accounting', '2016-01-01 00:00:00')

INSERT IGNORE INTO team (TEAM_NAME, DEPARTMENT_ID, CREATE_DATE) VALUES  ('Network & Security', 'IT', '2016-01-01 00:00:00')

INSERT IGNORE INTO team (TEAM_NAME, DEPARTMENT_ID, CREATE_DATE) VALUES  ('Web Development', 'IT', '2016-01-01 00:00:00')

INSERT IGNORE INTO team (TEAM_NAME, DEPARTMENT_ID, CREATE_DATE) VALUES  ('Advertising', 'Sales & Marketing', '2016-01-01 00:00:00')

INSERT IGNORE INTO team (TEAM_NAME, DEPARTMENT_ID, CREATE_DATE) VALUES  ('Customer Service', 'Sales & Marketing', '2016-01-01 00:00:00')

INSERT IGNORE INTO team (TEAM_NAME, DEPARTMENT_ID, CREATE_DATE) VALUES  ('Employee Management', 'Human Resources', '2016-01-01 00:00:00')

INSERT IGNORE INTO team (TEAM_NAME, DEPARTMENT_ID, CREATE_DATE) VALUES  ('Recruiting', 'Human Resources', '2016-01-01 00:00:00')

INSERT IGNORE INTO user (ENABLED, FIRST_NAME, LAST_NAME, PASSWORD, USERNAME, CREATE_USER_USERNAME, CREATE_DATE, INTERVALL) VALUES(TRUE, 'Admin', 'Istrator', '$2a$10$Mk/CZDjQgLiWd0veXxVKguSamdmUsBJqsgaiCFPx8inYP4.E1rNgO', 'admin', 'admin', '2016-01-01 00:00:00', 'NONE')
INSERT INTO user_user_role (USER_USERNAME, ROLES) VALUES ('admin', 'ADMIN')
INSERT INTO user_user_role (USER_USERNAME, ROLES) VALUES ('admin', 'EMPLOYEE')

INSERT IGNORE INTO user (ENABLED, FIRST_NAME, LAST_NAME, PASSWORD, USERNAME, CREATE_USER_USERNAME, CREATE_DATE) VALUES(TRUE, 'De', 'Fault', '$2a$10$Mk/CZDjQgLiWd0veXxVKguSamdmUsBJqsgaiCFPx8inYP4.E1rNgO', 'default', 'admin', '2016-01-01 00:00:00')

INSERT INTO user_user_role (USER_USERNAME, ROLES) VALUES ('admin', 'EMPLOYEE')

INSERT IGNORE INTO user (ENABLED, FIRST_NAME, LAST_NAME, PASSWORD, USERNAME, CREATE_USER_USERNAME, CREATE_DATE, INTERVALL, TEAM_ID, DEPARTMENT_ID) VALUES(TRUE, 'Miranda', 'Priestly', '$2a$10$Mk/CZDjQgLiWd0veXxVKguSamdmUsBJqsgaiCFPx8inYP4.E1rNgO', 'user1', 'admin', '2016-01-01 00:00:00', 'NONE', NULL, 'Management')
INSERT INTO user_user_role (USER_USERNAME, ROLES) VALUES ('user1', 'DEPARTMENTLEADER')
INSERT INTO user_user_role (USER_USERNAME, ROLES) VALUES ('user1', 'EMPLOYEE')
INSERT IGNORE INTO user (ENABLED, FIRST_NAME, LAST_NAME, PASSWORD, USERNAME, CREATE_USER_USERNAME, CREATE_DATE, INTERVALL, TEAM_ID, DEPARTMENT_ID) VALUES(TRUE, 'Alvero', 'Morte', '$2a$10$Mk/CZDjQgLiWd0veXxVKguSamdmUsBJqsgaiCFPx8inYP4.E1rNgO', 'user2', 'admin', '2016-01-01 00:00:00', 'NONE', NULL, 'Accounting')
INSERT INTO user_user_role (USER_USERNAME, ROLES) VALUES ('user2', 'DEPARTMENTLEADER')
INSERT INTO user_user_role (USER_USERNAME, ROLES) VALUES ('user2', 'EMPLOYEE')
INSERT IGNORE INTO user (ENABLED, FIRST_NAME, LAST_NAME, PASSWORD, USERNAME, CREATE_USER_USERNAME, CREATE_DATE, INTERVALL, TEAM_ID, DEPARTMENT_ID) VALUES(TRUE, 'Erlich', 'Bachman', '$2a$10$Mk/CZDjQgLiWd0veXxVKguSamdmUsBJqsgaiCFPx8inYP4.E1rNgO', 'user3', 'admin', '2016-01-01 00:00:00', 'NONE', NULL, 'IT')
INSERT INTO user_user_role (USER_USERNAME, ROLES) VALUES ('user3', 'DEPARTMENTLEADER')
INSERT INTO user_user_role (USER_USERNAME, ROLES) VALUES ('user3', 'EMPLOYEE')
INSERT IGNORE INTO user (ENABLED, FIRST_NAME, LAST_NAME, PASSWORD, USERNAME, CREATE_USER_USERNAME, CREATE_DATE, INTERVALL, TEAM_ID, DEPARTMENT_ID) VALUES(TRUE, 'Michal', 'Scott', '$2a$10$Mk/CZDjQgLiWd0veXxVKguSamdmUsBJqsgaiCFPx8inYP4.E1rNgO', 'user4', 'admin', '2016-01-01 00:00:00', 'NONE', NULL, 'Sales & Marketing')
INSERT INTO user_user_role (USER_USERNAME, ROLES) VALUES ('user4', 'DEPARTMENTLEADER')
INSERT INTO user_user_role (USER_USERNAME, ROLES) VALUES ('user4', 'EMPLOYEE')
INSERT IGNORE INTO user (ENABLED, FIRST_NAME, LAST_NAME, PASSWORD, USERNAME, CREATE_USER_USERNAME, CREATE_DATE, INTERVALL, TEAM_ID, DEPARTMENT_ID) VALUES(TRUE, 'Jen', 'Barber', '$2a$10$Mk/CZDjQgLiWd0veXxVKguSamdmUsBJqsgaiCFPx8inYP4.E1rNgO', 'user5', 'admin', '2016-01-01 00:00:00', 'NONE', NULL, 'Human Resources')
INSERT INTO user_user_role (USER_USERNAME, ROLES) VALUES ('user5', 'DEPARTMENTLEADER')
INSERT INTO user_user_role (USER_USERNAME, ROLES) VALUES ('user5', 'EMPLOYEE')



INSERT IGNORE INTO user (ENABLED, FIRST_NAME, LAST_NAME, PASSWORD, USERNAME, CREATE_USER_USERNAME, CREATE_DATE, INTERVALL, TEAM_ID, DEPARTMENT_ID) VALUES(TRUE, 'Nigel', 'Tucci', '$2a$10$Mk/CZDjQgLiWd0veXxVKguSamdmUsBJqsgaiCFPx8inYP4.E1rNgO', 'user6', 'admin', '2016-01-01 00:00:00', 'NONE', 'Top-Management', 'Management')
INSERT INTO user_user_role (USER_USERNAME, ROLES) VALUES ('user6', 'TEAMLEADER')
INSERT INTO user_user_role (USER_USERNAME, ROLES) VALUES ('user6', 'EMPLOYEE')
INSERT IGNORE INTO user (ENABLED, FIRST_NAME, LAST_NAME, PASSWORD, USERNAME, CREATE_USER_USERNAME, CREATE_DATE, INTERVALL, TEAM_ID, DEPARTMENT_ID) VALUES(TRUE, 'Andrea', 'Sachs', '$2a$10$Mk/CZDjQgLiWd0veXxVKguSamdmUsBJqsgaiCFPx8inYP4.E1rNgO', 'user7', 'admin', '2016-01-01 00:00:00', 'NONE',  'Coordination & Control', 'Management')
INSERT INTO user_user_role (USER_USERNAME, ROLES) VALUES ('user7', 'TEAMLEADER')
INSERT INTO user_user_role (USER_USERNAME, ROLES) VALUES ('user7', 'EMPLOYEE')
INSERT IGNORE INTO user (ENABLED, FIRST_NAME, LAST_NAME, PASSWORD, USERNAME, CREATE_USER_USERNAME, CREATE_DATE, INTERVALL, TEAM_ID, DEPARTMENT_ID) VALUES(TRUE, 'Pedro', 'Alonso', '$2a$10$Mk/CZDjQgLiWd0veXxVKguSamdmUsBJqsgaiCFPx8inYP4.E1rNgO', 'user8', 'admin', '2016-01-01 00:00:00', 'NONE', 'Invoice Clients', 'Accounting')
INSERT INTO user_user_role (USER_USERNAME, ROLES) VALUES ('user8', 'TEAMLEADER')
INSERT INTO user_user_role (USER_USERNAME, ROLES) VALUES ('user8', 'EMPLOYEE')
INSERT IGNORE INTO user (ENABLED, FIRST_NAME, LAST_NAME, PASSWORD, USERNAME, CREATE_USER_USERNAME, CREATE_DATE, INTERVALL, TEAM_ID, DEPARTMENT_ID) VALUES(TRUE, 'Raqhel', 'Murillo', '$2a$10$Mk/CZDjQgLiWd0veXxVKguSamdmUsBJqsgaiCFPx8inYP4.E1rNgO', 'user9', 'admin', '2016-01-01 00:00:00', 'NONE', 'Inventory Management', 'Accounting')
INSERT INTO user_user_role (USER_USERNAME, ROLES) VALUES ('user9', 'TEAMLEADER')
INSERT INTO user_user_role (USER_USERNAME, ROLES) VALUES ('user9', 'EMPLOYEE')
INSERT IGNORE INTO user (ENABLED, FIRST_NAME, LAST_NAME, PASSWORD, USERNAME, CREATE_USER_USERNAME, CREATE_DATE, INTERVALL, TEAM_ID, DEPARTMENT_ID) VALUES(TRUE, 'Monica', 'Hall', '$2a$10$Mk/CZDjQgLiWd0veXxVKguSamdmUsBJqsgaiCFPx8inYP4.E1rNgO', 'user10', 'admin', '2016-01-01 00:00:00', 'NONE', 'Network & Security', 'IT')
INSERT INTO user_user_role (USER_USERNAME, ROLES) VALUES ('user10', 'TEAMLEADER')
INSERT INTO user_user_role (USER_USERNAME, ROLES) VALUES ('user10', 'EMPLOYEE')
INSERT IGNORE INTO user (ENABLED, FIRST_NAME, LAST_NAME, PASSWORD, USERNAME, CREATE_USER_USERNAME, CREATE_DATE, INTERVALL, TEAM_ID, DEPARTMENT_ID) VALUES(TRUE, 'Richard', 'Hendricks', '$2a$10$Mk/CZDjQgLiWd0veXxVKguSamdmUsBJqsgaiCFPx8inYP4.E1rNgO', 'user11', 'admin', '2016-01-01 00:00:00', 'NONE', 'Web Development', 'IT')
INSERT INTO user_user_role (USER_USERNAME, ROLES) VALUES ('user11', 'TEAMLEADER')
INSERT INTO user_user_role (USER_USERNAME, ROLES) VALUES ('user11', 'EMPLOYEE')
INSERT IGNORE INTO user (ENABLED, FIRST_NAME, LAST_NAME, PASSWORD, USERNAME, CREATE_USER_USERNAME, CREATE_DATE, INTERVALL, TEAM_ID, DEPARTMENT_ID) VALUES(TRUE, 'Pam', 'Beesly', '$2a$10$Mk/CZDjQgLiWd0veXxVKguSamdmUsBJqsgaiCFPx8inYP4.E1rNgO', 'user12', 'admin', '2016-01-01 00:00:00', 'NONE', 'Advertising', 'Sales & Marketing')
INSERT INTO user_user_role (USER_USERNAME, ROLES) VALUES ('user12', 'TEAMLEADER')
INSERT INTO user_user_role (USER_USERNAME, ROLES) VALUES ('user12', 'EMPLOYEE')
INSERT IGNORE INTO user (ENABLED, FIRST_NAME, LAST_NAME, PASSWORD, USERNAME, CREATE_USER_USERNAME, CREATE_DATE, INTERVALL, TEAM_ID, DEPARTMENT_ID) VALUES(TRUE, 'Jim', 'Halpert', '$2a$10$Mk/CZDjQgLiWd0veXxVKguSamdmUsBJqsgaiCFPx8inYP4.E1rNgO', 'user13', 'admin', '2016-01-01 00:00:00', 'NONE', 'Customer Service', 'Sales & Marketing')
INSERT INTO user_user_role (USER_USERNAME, ROLES) VALUES ('user13', 'TEAMLEADER')
INSERT INTO user_user_role (USER_USERNAME, ROLES) VALUES ('user13', 'EMPLOYEE')
INSERT IGNORE INTO user (ENABLED, FIRST_NAME, LAST_NAME, PASSWORD, USERNAME, CREATE_USER_USERNAME, CREATE_DATE, INTERVALL, TEAM_ID, DEPARTMENT_ID) VALUES(TRUE,  'Maurice', 'Moss', '$2a$10$Mk/CZDjQgLiWd0veXxVKguSamdmUsBJqsgaiCFPx8inYP4.E1rNgO', 'user14', 'admin', '2016-01-01 00:00:00', 'NONE', 'Employee Management', 'Human Resources')
INSERT INTO user_user_role (USER_USERNAME, ROLES) VALUES ('user14', 'TEAMLEADER')
INSERT INTO user_user_role (USER_USERNAME, ROLES) VALUES ('user14', 'EMPLOYEE')
INSERT IGNORE INTO user (ENABLED, FIRST_NAME, LAST_NAME, PASSWORD, USERNAME, CREATE_USER_USERNAME, CREATE_DATE, INTERVALL, TEAM_ID, DEPARTMENT_ID) VALUES(TRUE, 'Roy', 'Trenneman', '$2a$10$Mk/CZDjQgLiWd0veXxVKguSamdmUsBJqsgaiCFPx8inYP4.E1rNgO', 'user15', 'admin', '2016-01-01 00:00:00', 'NONE', 'Recruiting', 'Human Resources')
INSERT INTO user_user_role (USER_USERNAME, ROLES) VALUES ('user15', 'TEAMLEADER')
INSERT INTO user_user_role (USER_USERNAME, ROLES) VALUES ('user15', 'EMPLOYEE')

INSERT IGNORE INTO user (ENABLED, FIRST_NAME, LAST_NAME, PASSWORD, USERNAME, CREATE_USER_USERNAME, CREATE_DATE, INTERVALL, TEAM_ID, DEPARTMENT_ID) VALUES(TRUE, 'Emily', 'Blunt', '$2a$10$Mk/CZDjQgLiWd0veXxVKguSamdmUsBJqsgaiCFPx8inYP4.E1rNgO', 'user16', 'admin', '2016-01-01 00:00:00', 'NONE', 'Top-Management', 'Management')
INSERT INTO user_user_role (USER_USERNAME, ROLES) VALUES ('user16', 'EMPLOYEE')
INSERT IGNORE INTO user (ENABLED, FIRST_NAME, LAST_NAME, PASSWORD, USERNAME, CREATE_USER_USERNAME, CREATE_DATE, INTERVALL, TEAM_ID, DEPARTMENT_ID) VALUES(TRUE, 'Christian', 'Thompson', '$2a$10$Mk/CZDjQgLiWd0veXxVKguSamdmUsBJqsgaiCFPx8inYP4.E1rNgO', 'user17', 'admin', '2016-01-01 00:00:00', 'NONE', 'Top-Management', 'Management')
INSERT INTO user_user_role (USER_USERNAME, ROLES) VALUES ('user17', 'EMPLOYEE')
INSERT IGNORE INTO user (ENABLED, FIRST_NAME, LAST_NAME, PASSWORD, USERNAME, CREATE_USER_USERNAME, CREATE_DATE, INTERVALL, TEAM_ID, DEPARTMENT_ID) VALUES(TRUE, 'Serena', 'Bündchen', '$2a$10$Mk/CZDjQgLiWd0veXxVKguSamdmUsBJqsgaiCFPx8inYP4.E1rNgO', 'user18', 'admin', '2016-01-01 00:00:00', 'NONE', 'Coordination & Control', 'Management')
INSERT INTO user_user_role (USER_USERNAME, ROLES) VALUES ('user18', 'EMPLOYEE')
INSERT IGNORE INTO user (ENABLED, FIRST_NAME, LAST_NAME, PASSWORD, USERNAME, CREATE_USER_USERNAME, CREATE_DATE, INTERVALL, TEAM_ID, DEPARTMENT_ID) VALUES(TRUE, 'Ursula', 'Corbero', '$2a$10$Mk/CZDjQgLiWd0veXxVKguSamdmUsBJqsgaiCFPx8inYP4.E1rNgO', 'user19', 'admin', '2016-01-01 00:00:00', 'NONE', 'Invoice Clients', 'Accounting')
INSERT INTO user_user_role (USER_USERNAME, ROLES) VALUES ('user19', 'EMPLOYEE')
INSERT IGNORE INTO user (ENABLED, FIRST_NAME, LAST_NAME, PASSWORD, USERNAME, CREATE_USER_USERNAME, CREATE_DATE, INTERVALL, TEAM_ID, DEPARTMENT_ID) VALUES(FALSE, 'Miguel', 'Herran', '$2a$10$Mk/CZDjQgLiWd0veXxVKguSamdmUsBJqsgaiCFPx8inYP4.E1rNgO', 'user20', 'admin', '2016-01-01 00:00:00', 'NONE', 'Invoice Clients', 'Accounting')
INSERT INTO user_user_role (USER_USERNAME, ROLES) VALUES ('user20', 'EMPLOYEE')
INSERT IGNORE INTO user (ENABLED, FIRST_NAME, LAST_NAME, PASSWORD, USERNAME, CREATE_USER_USERNAME, CREATE_DATE, INTERVALL, TEAM_ID, DEPARTMENT_ID) VALUES(TRUE, 'Alba', 'Flores', '$2a$10$Mk/CZDjQgLiWd0veXxVKguSamdmUsBJqsgaiCFPx8inYP4.E1rNgO', 'user21', 'admin', '2016-01-01 00:00:00', 'NONE', 'Inventory Management', 'Accounting')
INSERT INTO user_user_role (USER_USERNAME, ROLES) VALUES ('user21', 'EMPLOYEE')
INSERT IGNORE INTO user (ENABLED, FIRST_NAME, LAST_NAME, PASSWORD, USERNAME, CREATE_USER_USERNAME, CREATE_DATE, INTERVALL, TEAM_ID, DEPARTMENT_ID) VALUES(TRUE, 'Nelson', 'Bighetti', '$2a$10$Mk/CZDjQgLiWd0veXxVKguSamdmUsBJqsgaiCFPx8inYP4.E1rNgO', 'user22', 'admin', '2016-01-01 00:00:00', 'NONE', 'Network & Security', 'IT')
INSERT INTO user_user_role (USER_USERNAME, ROLES) VALUES ('user22', 'EMPLOYEE')
INSERT IGNORE INTO user (ENABLED, FIRST_NAME, LAST_NAME, PASSWORD, USERNAME, CREATE_USER_USERNAME, CREATE_DATE, INTERVALL, TEAM_ID, DEPARTMENT_ID) VALUES(TRUE, 'Laurie', 'Bream', '$2a$10$Mk/CZDjQgLiWd0veXxVKguSamdmUsBJqsgaiCFPx8inYP4.E1rNgO', 'user23', 'admin', '2016-01-01 00:00:00', 'NONE', 'Network & Security', 'IT')
INSERT INTO user_user_role (USER_USERNAME, ROLES) VALUES ('user23', 'EMPLOYEE')
INSERT IGNORE INTO user (ENABLED, FIRST_NAME, LAST_NAME, PASSWORD, USERNAME, CREATE_USER_USERNAME, CREATE_DATE, INTERVALL, TEAM_ID, DEPARTMENT_ID) VALUES(TRUE, 'Dinesh', 'Chugtai', '$2a$10$Mk/CZDjQgLiWd0veXxVKguSamdmUsBJqsgaiCFPx8inYP4.E1rNgO', 'user24', 'admin', '2016-01-01 00:00:00', 'NONE', 'Web Development', 'IT')
INSERT INTO user_user_role (USER_USERNAME, ROLES) VALUES ('user24', 'EMPLOYEE')
INSERT IGNORE INTO user (ENABLED, FIRST_NAME, LAST_NAME, PASSWORD, USERNAME, CREATE_USER_USERNAME, CREATE_DATE, INTERVALL, TEAM_ID, DEPARTMENT_ID) VALUES(TRUE, 'Dwight', 'Schrute', '$2a$10$Mk/CZDjQgLiWd0veXxVKguSamdmUsBJqsgaiCFPx8inYP4.E1rNgO', 'user25', 'admin', '2016-01-01 00:00:00', 'NONE', 'Advertising', 'Sales & Marketing')
INSERT INTO user_user_role (USER_USERNAME, ROLES) VALUES ('user25', 'EMPLOYEE')
INSERT IGNORE INTO user (ENABLED, FIRST_NAME, LAST_NAME, PASSWORD, USERNAME, CREATE_USER_USERNAME, CREATE_DATE, INTERVALL, TEAM_ID, DEPARTMENT_ID) VALUES(TRUE, 'Angela', 'Kinsey', '$2a$10$Mk/CZDjQgLiWd0veXxVKguSamdmUsBJqsgaiCFPx8inYP4.E1rNgO', 'user26', 'admin', '2016-01-01 00:00:00', 'NONE', 'Customer Service', 'Sales & Marketing')
INSERT INTO user_user_role (USER_USERNAME, ROLES) VALUES ('user26', 'EMPLOYEE')
INSERT IGNORE INTO user (ENABLED, FIRST_NAME, LAST_NAME, PASSWORD, USERNAME, CREATE_USER_USERNAME, CREATE_DATE, INTERVALL, TEAM_ID, DEPARTMENT_ID) VALUES(TRUE, 'Kelly', 'Kapoor', '$2a$10$Mk/CZDjQgLiWd0veXxVKguSamdmUsBJqsgaiCFPx8inYP4.E1rNgO', 'user27', 'admin', '2016-01-01 00:00:00', 'NONE', 'Customer Service', 'Sales & Marketing')
INSERT INTO user_user_role (USER_USERNAME, ROLES) VALUES ('user27', 'EMPLOYEE')
INSERT IGNORE INTO user (ENABLED, FIRST_NAME, LAST_NAME, PASSWORD, USERNAME, CREATE_USER_USERNAME, CREATE_DATE, INTERVALL, TEAM_ID, DEPARTMENT_ID) VALUES(TRUE, 'Douglas', 'Reymond', '$2a$10$Mk/CZDjQgLiWd0veXxVKguSamdmUsBJqsgaiCFPx8inYP4.E1rNgO', 'user28', 'admin', '2016-01-01 00:00:00', 'NONE', 'Employee Management', 'Human Resources')
INSERT INTO user_user_role (USER_USERNAME, ROLES) VALUES ('user28', 'EMPLOYEE')
INSERT IGNORE INTO user (ENABLED, FIRST_NAME, LAST_NAME, PASSWORD, USERNAME, CREATE_USER_USERNAME, CREATE_DATE, INTERVALL, TEAM_ID, DEPARTMENT_ID) VALUES(TRUE, 'Richmond', 'Fielding', '$2a$10$Mk/CZDjQgLiWd0veXxVKguSamdmUsBJqsgaiCFPx8inYP4.E1rNgO', 'user29', 'admin', '2016-01-01 00:00:00', 'NONE', 'Employee Management', 'Human Resources')
INSERT INTO user_user_role (USER_USERNAME, ROLES) VALUES ('user29', 'EMPLOYEE')
INSERT IGNORE INTO user (ENABLED, FIRST_NAME, LAST_NAME, PASSWORD, USERNAME, CREATE_USER_USERNAME, CREATE_DATE, INTERVALL, TEAM_ID, DEPARTMENT_ID) VALUES(TRUE, 'Rachel', 'Riley', '$2a$10$Mk/CZDjQgLiWd0veXxVKguSamdmUsBJqsgaiCFPx8inYP4.E1rNgO', 'user30', 'admin', '2016-01-01 00:00:00', 'NONE', 'Recruiting', 'Human Resources')
INSERT INTO user_user_role (USER_USERNAME, ROLES) VALUES ('user30', 'EMPLOYEE')

INSERT IGNORE INTO user (ENABLED, FIRST_NAME, LAST_NAME, PASSWORD, USERNAME, CREATE_USER_USERNAME, CREATE_DATE, INTERVALL) VALUES(TRUE, 'Paul', 'McCartney', '$2a$10$Mk/CZDjQgLiWd0veXxVKguSamdmUsBJqsgaiCFPx8inYP4.E1rNgO', 'user31', 'admin', '2016-01-01 00:00:00', 'NONE')
INSERT INTO user_user_role (USER_USERNAME, ROLES) VALUES ('user31', 'EMPLOYEE')
INSERT IGNORE INTO user (ENABLED, FIRST_NAME, LAST_NAME, PASSWORD, USERNAME, CREATE_USER_USERNAME, CREATE_DATE, INTERVALL) VALUES(TRUE, 'John', 'Lennon', '$2a$10$Mk/CZDjQgLiWd0veXxVKguSamdmUsBJqsgaiCFPx8inYP4.E1rNgO', 'user32', 'admin', '2016-01-01 00:00:00', 'NONE')
INSERT INTO user_user_role (USER_USERNAME, ROLES) VALUES ('user32', 'EMPLOYEE')
INSERT IGNORE INTO user (ENABLED, FIRST_NAME, LAST_NAME, PASSWORD, USERNAME, CREATE_USER_USERNAME, CREATE_DATE, INTERVALL) VALUES(TRUE, 'Ringo', 'Starr', '$2a$10$Mk/CZDjQgLiWd0veXxVKguSamdmUsBJqsgaiCFPx8inYP4.E1rNgO', 'user33', 'admin', '2016-01-01 00:00:00', 'NONE')
INSERT INTO user_user_role (USER_USERNAME, ROLES) VALUES ('user33', 'EMPLOYEE')
INSERT INTO user_user_role (USER_USERNAME, ROLES) VALUES ('user33', 'TEAMLEADER')
INSERT IGNORE INTO user (ENABLED, FIRST_NAME, LAST_NAME, PASSWORD, USERNAME, CREATE_USER_USERNAME, CREATE_DATE, INTERVALL) VALUES(TRUE, 'George', 'Harrison', '$2a$10$Mk/CZDjQgLiWd0veXxVKguSamdmUsBJqsgaiCFPx8inYP4.E1rNgO', 'user34', 'admin', '2016-01-01 00:00:00', 'NONE')
INSERT INTO user_user_role (USER_USERNAME, ROLES) VALUES ('user34', 'EMPLOYEE')
INSERT INTO user_user_role (USER_USERNAME, ROLES) VALUES ('user34', 'DEPARTMENTLEADER')

INSERT IGNORE INTO task (TASK_ID, CREATE_DATE, START_TIME, END_TIME, TASK, USER_ID, TEAM_ID, DEPARTMENT_ID) VALUES (1, '2020-05-15 15:30:14', '2020-02-01 08:00:00', '2020-02-01 08:50:00', 'DOKUMENTATION', 'user1', NULL, 'Management')
INSERT IGNORE INTO task (TASK_ID, CREATE_DATE, START_TIME, END_TIME, TASK, USER_ID, TEAM_ID, DEPARTMENT_ID) VALUES (2, '2020-05-15 15:30:14', '2020-02-02 08:00:00', '2020-02-02 08:50:00', 'KONZEPTION', 'user1', NULL, 'Management')
INSERT IGNORE INTO task (TASK_ID, CREATE_DATE, START_TIME, END_TIME, TASK, USER_ID, TEAM_ID, DEPARTMENT_ID) VALUES (3, '2020-05-15 15:30:14', '2020-05-07 08:00:00', '2020-05-07 08:50:00', 'DOKUMENTATION', 'admin', NULL, NULL)
INSERT IGNORE INTO task (TASK_ID, CREATE_DATE, START_TIME, END_TIME, TASK, USER_ID, TEAM_ID, DEPARTMENT_ID) VALUES (4, '2020-05-15 15:30:14', '2020-05-08 08:50:00', '2020-05-08 09:30:00', 'AUSZEIT', 'admin', NULL, NULL)
INSERT IGNORE INTO task (TASK_ID, CREATE_DATE, START_TIME, END_TIME, TASK, USER_ID, TEAM_ID, DEPARTMENT_ID) VALUES (5, '2020-05-15 15:30:14', '2020-05-07 09:30:00', '2020-05-07 10:30:00', 'MEETING', 'user2', NULL, 'Accounting')
INSERT IGNORE INTO task (TASK_ID, CREATE_DATE, START_TIME, END_TIME, TASK, USER_ID, TEAM_ID, DEPARTMENT_ID) VALUES (6, '2020-05-15 15:30:14', '2020-05-07 10:30:00', '2020-05-07 11:50:00', 'IMPLEMENTIERUNG', 'user2', NULL, 'Accounting')
INSERT IGNORE INTO task (TASK_ID, CREATE_DATE, START_TIME, END_TIME, TASK, USER_ID, TEAM_ID, DEPARTMENT_ID) VALUES (7, '2020-05-15 15:30:14', '2020-05-07 11:50:00', '2020-05-07 12:50:00', 'DOKUMENTATION', 'user3', NULL, 'IT')
INSERT IGNORE INTO task (TASK_ID, CREATE_DATE, START_TIME, END_TIME, TASK, USER_ID, TEAM_ID, DEPARTMENT_ID) VALUES (8, '2020-05-15 15:30:14', '2020-05-08 11:50:00', '2020-05-08 12:50:00', 'KONZEPTION', 'user3', NULL, 'IT')
INSERT IGNORE INTO task (TASK_ID, CREATE_DATE, START_TIME, END_TIME, TASK, USER_ID, TEAM_ID, DEPARTMENT_ID) VALUES (9, '2020-05-15 15:30:14', '2020-05-07 11:50:00', '2020-05-07 12:50:00', 'DOKUMENTATION', 'user4', NULL, 'Sales & Marketing')
INSERT IGNORE INTO task (TASK_ID, CREATE_DATE, START_TIME, END_TIME, TASK, USER_ID, TEAM_ID, DEPARTMENT_ID) VALUES (10, '2020-05-15 15:30:14', '2020-05-08 11:50:00', '2020-05-08 12:50:00', 'DESIGN', 'user4', NULL, 'Sales & Marketing')
INSERT IGNORE INTO task (TASK_ID, CREATE_DATE, START_TIME, END_TIME, TASK, USER_ID, TEAM_ID, DEPARTMENT_ID) VALUES (11, '2020-05-15 15:30:14', '2020-05-07 11:50:00', '2020-05-07 12:50:00', 'DOKUMENTATION', 'user5', NULL, 'Human Resources')
INSERT IGNORE INTO task (TASK_ID, CREATE_DATE, START_TIME, END_TIME, TASK, USER_ID, TEAM_ID, DEPARTMENT_ID) VALUES (12, '2020-05-15 15:30:14', '2020-05-08 11:50:00', '2020-05-08 12:50:00', 'FEHLERMANAGEMENT', 'user5', NULL, 'Human Resources')
INSERT IGNORE INTO task (TASK_ID, CREATE_DATE, START_TIME, END_TIME, TASK, USER_ID, TEAM_ID, DEPARTMENT_ID) VALUES (13, '2020-05-15 15:30:14', '2020-05-07 11:50:00', '2020-05-07 12:50:00', 'DOKUMENTATION', 'user6',  'Top-Management', 'Management')
INSERT IGNORE INTO task (TASK_ID, CREATE_DATE, START_TIME, END_TIME, TASK, USER_ID, TEAM_ID, DEPARTMENT_ID) VALUES (14, '2020-05-15 15:30:14', '2020-05-08 11:50:00', '2020-05-08 12:50:00', 'MEETING', 'user6', 'Top-Management', 'Management')
INSERT IGNORE INTO task (TASK_ID, CREATE_DATE, START_TIME, END_TIME, TASK, USER_ID, TEAM_ID, DEPARTMENT_ID) VALUES (15, '2020-05-15 15:30:14', '2020-05-07 11:50:00', '2020-05-07 12:50:00', 'DOKUMENTATION', 'user7', 'Coordination & Control', 'Management')
INSERT IGNORE INTO task (TASK_ID, CREATE_DATE, START_TIME, END_TIME, TASK, USER_ID, TEAM_ID, DEPARTMENT_ID) VALUES (16, '2020-05-15 15:30:14', '2020-05-07 11:50:00', '2020-05-07 12:50:00', 'KUNDENBESPRECHUNG', 'user8', 'Invoice Clients', 'Accounting')
INSERT IGNORE INTO task (TASK_ID, CREATE_DATE, START_TIME, END_TIME, TASK, USER_ID, TEAM_ID, DEPARTMENT_ID) VALUES (17, '2020-05-15 15:30:14', '2020-05-08 11:50:00', '2020-05-08 12:50:00', 'DOKUMENTATION', 'user9', 'Inventory Management', 'Accounting')
INSERT IGNORE INTO task (TASK_ID, CREATE_DATE, START_TIME, END_TIME, TASK, USER_ID, TEAM_ID, DEPARTMENT_ID) VALUES (18, '2020-05-15 15:30:14', '2020-05-07 11:50:00', '2020-05-07 12:50:00', 'IMPLEMENTIERUNG', 'user10', 'Network & Security', 'IT')
INSERT IGNORE INTO task (TASK_ID, CREATE_DATE, START_TIME, END_TIME, TASK, USER_ID, TEAM_ID, DEPARTMENT_ID) VALUES (19, '2020-05-15 15:30:14', '2020-05-08 11:50:00', '2020-05-08 12:50:00', 'DOKUMENTATION', 'user10', 'Network & Security', 'IT')
INSERT IGNORE INTO task (TASK_ID, CREATE_DATE, START_TIME, END_TIME, TASK, USER_ID, TEAM_ID, DEPARTMENT_ID) VALUES (20, '2020-05-15 15:30:14', '2020-05-07 11:50:00', '2020-05-07 12:50:00', 'TESTEN', 'user11', 'Network & Security', 'IT')
INSERT IGNORE INTO task (TASK_ID, CREATE_DATE, START_TIME, END_TIME, TASK, USER_ID, TEAM_ID, DEPARTMENT_ID) VALUES (21, '2020-05-15 15:30:14', '2020-05-07 11:50:00', '2020-05-07 12:50:00', 'DOKUMENTATION', 'user12', 'Advertising', 'Sales & Marketing')
INSERT IGNORE INTO task (TASK_ID, CREATE_DATE, START_TIME, END_TIME, TASK, USER_ID, TEAM_ID, DEPARTMENT_ID) VALUES (22, '2020-05-15 15:30:14', '2020-05-07 11:50:00', '2020-05-07 12:50:00', 'FORTBILDUNG', 'user13', 'Customer Service', 'Sales & Marketing')
INSERT IGNORE INTO task (TASK_ID, CREATE_DATE, START_TIME, END_TIME, TASK, USER_ID, TEAM_ID, DEPARTMENT_ID) VALUES (23, '2020-05-15 15:30:14', '2020-05-07 11:50:00', '2020-05-07 12:50:00', 'DOKUMENTATION', 'user14', 'Employee Management', 'Human Resources')
INSERT IGNORE INTO task (TASK_ID, CREATE_DATE, START_TIME, END_TIME, TASK, USER_ID, TEAM_ID, DEPARTMENT_ID) VALUES (24, '2020-05-15 15:30:14', '2020-05-08 11:50:00', '2020-05-08 12:50:00', 'PROJEKTMANAGEMENT', 'user14', 'Employee Management', 'Human Resources')
INSERT IGNORE INTO task (TASK_ID, CREATE_DATE, START_TIME, END_TIME, TASK, USER_ID, TEAM_ID, DEPARTMENT_ID) VALUES (25, '2020-05-15 15:30:14', '2020-05-07 11:50:00', '2020-05-07 12:50:00', 'DOKUMENTATION', 'user15', 'Recruiting', 'Human Resources')
INSERT IGNORE INTO task (TASK_ID, CREATE_DATE, START_TIME, END_TIME, TASK, USER_ID, TEAM_ID, DEPARTMENT_ID) VALUES (26, '2020-05-15 15:30:14', '2020-05-07 11:50:00', '2020-05-07 12:50:00', 'SONSTIGES', 'user16', 'Top-Management', 'Management')
INSERT IGNORE INTO task (TASK_ID, CREATE_DATE, START_TIME, END_TIME, TASK, USER_ID, TEAM_ID, DEPARTMENT_ID) VALUES (27, '2020-05-15 15:30:14', '2020-05-07 11:50:00', '2020-05-07 12:50:00', 'DOKUMENTATION', 'user17', 'Top-Management', 'Management')
INSERT IGNORE INTO task (TASK_ID, CREATE_DATE, START_TIME, END_TIME, TASK, USER_ID, TEAM_ID, DEPARTMENT_ID) VALUES (28, '2020-05-15 15:30:14', '2020-05-07 08:50:00', '2020-05-07 09:30:00', 'AUSZEIT', 'user18', 'Coordination & Control', 'Management')
INSERT IGNORE INTO task (TASK_ID, CREATE_DATE, START_TIME, END_TIME, TASK, USER_ID, TEAM_ID, DEPARTMENT_ID) VALUES (29, '2020-05-15 15:30:14', '2020-05-07 09:30:00', '2020-05-07 10:30:00', 'MEETING', 'user19', 'Invoice Clients', 'Accounting')
INSERT IGNORE INTO task (TASK_ID, CREATE_DATE, START_TIME, END_TIME, TASK, USER_ID, TEAM_ID, DEPARTMENT_ID) VALUES (30, '2020-05-15 15:30:14', '2020-05-07 10:30:00', '2020-05-07 11:50:00', 'IMPLEMENTIERUNG', 'user20', 'Invoice Clients', 'Accounting')
INSERT IGNORE INTO task (TASK_ID, CREATE_DATE, START_TIME, END_TIME, TASK, USER_ID, TEAM_ID, DEPARTMENT_ID) VALUES (31, '2020-05-15 15:30:14', '2020-05-07 11:50:00', '2020-05-07 12:50:00', 'DOKUMENTATION', 'user21', 'Inventory Management', 'Accounting')
INSERT IGNORE INTO task (TASK_ID, CREATE_DATE, START_TIME, END_TIME, TASK, USER_ID, TEAM_ID, DEPARTMENT_ID) VALUES (32, '2020-05-15 15:30:14', '2020-05-07 11:50:00', '2020-05-07 12:50:00', 'KONZEPTION', 'user22', 'Network & Security', 'IT')
INSERT IGNORE INTO task (TASK_ID, CREATE_DATE, START_TIME, END_TIME, TASK, USER_ID, TEAM_ID, DEPARTMENT_ID) VALUES (33, '2020-05-15 15:30:14', '2020-05-07 11:50:00', '2020-05-07 12:50:00', 'DOKUMENTATION', 'user23', 'Network & Security', 'IT')
INSERT IGNORE INTO task (TASK_ID, CREATE_DATE, START_TIME, END_TIME, TASK, USER_ID, TEAM_ID, DEPARTMENT_ID) VALUES (34, '2020-05-15 15:30:14', '2020-05-07 11:50:00', '2020-05-07 12:50:00', 'DESIGN', 'user24', 'Web Development', 'IT')
INSERT IGNORE INTO task (TASK_ID, CREATE_DATE, START_TIME, END_TIME, TASK, USER_ID, TEAM_ID, DEPARTMENT_ID) VALUES (35, '2020-05-15 15:30:14', '2020-05-07 11:50:00', '2020-05-07 12:50:00', 'DOKUMENTATION', 'user25', 'Advertising', 'Sales & Marketing')
INSERT IGNORE INTO task (TASK_ID, CREATE_DATE, START_TIME, END_TIME, TASK, USER_ID, TEAM_ID, DEPARTMENT_ID) VALUES (36, '2020-05-15 15:30:14', '2020-05-07 11:50:00', '2020-05-07 12:50:00', 'FEHLERMANAGEMENT', 'user26', 'Customer Service', 'Sales & Marketing')
INSERT IGNORE INTO task (TASK_ID, CREATE_DATE, START_TIME, END_TIME, TASK, USER_ID, TEAM_ID, DEPARTMENT_ID) VALUES (37, '2020-05-15 15:30:14', '2020-05-07 11:50:00', '2020-05-07 12:50:00', 'DOKUMENTATION', 'user27', 'Customer Service', 'Sales & Marketing')
INSERT IGNORE INTO task (TASK_ID, CREATE_DATE, START_TIME, END_TIME, TASK, USER_ID, TEAM_ID, DEPARTMENT_ID) VALUES (38, '2020-05-15 15:30:14', '2020-05-07 11:50:00', '2020-05-07 12:50:00', 'MEETING', 'user28', 'Employee Management', 'Human Resources')
INSERT IGNORE INTO task (TASK_ID, CREATE_DATE, START_TIME, END_TIME, TASK, USER_ID, TEAM_ID, DEPARTMENT_ID) VALUES (39, '2020-05-15 15:30:14', '2020-05-07 11:50:00', '2020-05-07 12:50:00', 'DOKUMENTATION', 'user29', 'Employee Management', 'Human Resources')
INSERT IGNORE INTO task (TASK_ID, CREATE_DATE, START_TIME, END_TIME, TASK, USER_ID, TEAM_ID, DEPARTMENT_ID) VALUES (49, '2020-05-15 15:30:14', '2020-05-08 11:50:00', '2020-05-08 12:50:00', 'DOKUMENTATION', 'user30', 'Recruiting', 'Human Resources')
INSERT IGNORE INTO task (TASK_ID, CREATE_DATE, START_TIME, END_TIME, TASK, USER_ID, TEAM_ID, DEPARTMENT_ID) VALUES (40, '2020-05-15 15:30:14', '2020-05-07 11:50:00', '2020-05-07 12:50:00', 'KUNDENBESPRECHUNG', 'user30', 'Recruiting', 'Human Resources')
INSERT IGNORE INTO task (TASK_ID, CREATE_DATE, START_TIME, END_TIME, TASK, USER_ID, TEAM_ID, DEPARTMENT_ID) VALUES (41, '2020-05-15 15:30:14', '2020-05-07 11:50:00', '2020-05-07 12:50:00', 'DOKUMENTATION', 'user31', NULL, NULL)
INSERT IGNORE INTO task (TASK_ID, CREATE_DATE, START_TIME, END_TIME, TASK, USER_ID, TEAM_ID, DEPARTMENT_ID) VALUES (42, '2020-05-15 15:30:14', '2020-05-07 11:50:00', '2020-05-07 12:50:00', 'IMPLEMENTIERUNG', 'user32', NULL, NULL)
INSERT IGNORE INTO task (TASK_ID, CREATE_DATE, START_TIME, END_TIME, TASK, USER_ID, TEAM_ID, DEPARTMENT_ID) VALUES (43, '2020-05-15 15:30:14', '2020-05-07 11:50:00', '2020-05-07 12:50:00', 'DOKUMENTATION', 'user33', NULL, NULL)
INSERT IGNORE INTO task (TASK_ID, CREATE_DATE, START_TIME, END_TIME, TASK, USER_ID, TEAM_ID, DEPARTMENT_ID) VALUES (44, '2020-05-15 15:30:14', '2020-05-07 11:50:00', '2020-05-07 12:50:00', 'TESTEN', 'user34', NULL, NULL)
INSERT IGNORE INTO task (TASK_ID, CREATE_DATE, START_TIME, END_TIME, TASK, USER_ID, TEAM_ID, DEPARTMENT_ID) VALUES (45, '2020-05-15 15:30:14', '2020-05-08 11:50:00', '2020-05-08 12:50:00', 'DOKUMENTATION', 'user22', 'Network & Security', 'IT')
INSERT IGNORE INTO task (TASK_ID, CREATE_DATE, START_TIME, END_TIME, TASK, USER_ID, TEAM_ID, DEPARTMENT_ID) VALUES (46, '2020-05-15 15:30:14', '2020-05-08 11:50:00', '2020-05-08 12:50:00', 'FORTBILDUNG', 'user13', 'Customer Service', 'Sales & Marketing')
INSERT IGNORE INTO task (TASK_ID, CREATE_DATE, START_TIME, END_TIME, TASK, USER_ID, TEAM_ID, DEPARTMENT_ID) VALUES (47, '2020-05-15 15:30:14', '2020-05-08 11:50:00', '2020-05-08 12:50:00', 'DOKUMENTATION', 'user19', 'Invoice Clients', 'Accounting')
INSERT IGNORE INTO task (TASK_ID, CREATE_DATE, START_TIME, END_TIME, TASK, USER_ID, TEAM_ID, DEPARTMENT_ID) VALUES (48, '2020-05-15 15:30:14', '2020-05-07 11:50:00', '2020-05-08 12:50:00', 'PROJEKTMANAGEMENT', 'user25', 'Advertising', 'Sales & Marketing')
INSERT IGNORE INTO task (TASK_ID, CREATE_DATE, START_TIME, END_TIME, TASK, USER_ID, TEAM_ID, DEPARTMENT_ID) VALUES (50, '2020-05-15 15:30:14', '2020-05-08 11:50:00', '2020-05-08 12:50:00', 'SONSTIGES', 'user24', 'Web Development', 'IT')
INSERT IGNORE INTO task (TASK_ID, CREATE_DATE, START_TIME, END_TIME, TASK, USER_ID, TEAM_ID, DEPARTMENT_ID) VALUES (51, '2020-05-15 15:30:14', '2020-05-08 11:50:00', '2020-05-08 12:50:00', 'DOKUMENTATION', 'user17', 'Top-Management', 'Management')
INSERT IGNORE INTO task (TASK_ID, CREATE_DATE, START_TIME, END_TIME, TASK, USER_ID, TEAM_ID, DEPARTMENT_ID) VALUES (52, '2020-05-15 15:30:14', '2020-05-07 20:10:00', '2020-05-07 21:00:00', 'IMPLEMENTIERUNG', 'user6',  'Top-Management', 'Management')
INSERT IGNORE INTO task (TASK_ID, CREATE_DATE, START_TIME, END_TIME, TASK, USER_ID, TEAM_ID, DEPARTMENT_ID) VALUES (53, '2020-05-15 15:30:14', '2020-05-27 20:10:00', '2020-05-27 21:00:00', 'PROJEKTMANAGEMENT', 'user2',  NULL, 'Accounting')
INSERT IGNORE INTO task (TASK_ID, CREATE_DATE, START_TIME, END_TIME, TASK, USER_ID, TEAM_ID, DEPARTMENT_ID) VALUES (54, '2020-05-15 15:30:14', '2020-05-27 20:10:00', '2020-05-27 21:00:00', 'SONSTIGES', 'user2',  NULL, 'Accounting')
INSERT IGNORE INTO task (TASK_ID, CREATE_DATE, START_TIME, END_TIME, TASK, USER_ID, TEAM_ID, DEPARTMENT_ID) VALUES (55, '2020-05-15 15:30:14', '2020-05-27 10:10:00', '2020-05-27 11:00:00', 'PROJEKTMANAGEMENT', 'user6',  'Top-Management', 'Management')
INSERT IGNORE INTO task (TASK_ID, CREATE_DATE, START_TIME, END_TIME, TASK, USER_ID, TEAM_ID, DEPARTMENT_ID) VALUES (56, '2020-05-15 15:30:14', '2020-05-27 10:10:00', '2020-05-27 11:00:00', 'SONSTIGES', 'user6',  'Top-Management', 'Management')
INSERT IGNORE INTO task (TASK_ID, CREATE_DATE, START_TIME, END_TIME, TASK, USER_ID, TEAM_ID, DEPARTMENT_ID) VALUES (57, '2020-05-15 15:30:14', '2020-05-27 10:10:00', '2020-05-27 11:00:00', 'SONSTIGES', 'user3',  NULL, 'IT')
INSERT IGNORE INTO task (TASK_ID, CREATE_DATE, START_TIME, END_TIME, TASK, USER_ID, TEAM_ID, DEPARTMENT_ID) VALUES (58, '2020-05-15 15:30:14', '2020-05-27 10:10:00', '2020-05-27 11:00:00', 'PROJEKTMANAGEMENT', 'user10', 'Network & Security', 'IT')
INSERT IGNORE INTO task (TASK_ID, CREATE_DATE, START_TIME, END_TIME, TASK, USER_ID, TEAM_ID, DEPARTMENT_ID) VALUES (59, '2020-05-15 15:30:14', '2020-05-28 10:10:00', '2020-05-28 11:00:00', 'SONSTIGES', 'user10', 'Network & Security', 'IT')
INSERT IGNORE INTO task (TASK_ID, CREATE_DATE, START_TIME, END_TIME, TASK, USER_ID, TEAM_ID, DEPARTMENT_ID) VALUES (60, '2020-05-15 15:30:14', '2020-05-28 10:10:00', '2020-05-28 13:00:00', 'IMPLEMENTIERUNG', 'user22', 'Network & Security', 'IT')

INSERT IGNORE INTO badge (BADGE_ID, BADGE_TYPE, BADGE_DATE, BADGE_IMAGE, USER_ID) VALUES (1, 'WEEKLY_CODE_MONKEY', '2020-05-04 00:00:00', '/resources/badges/weekly_code_monkey.png' ,'user2')
INSERT IGNORE INTO badge (BADGE_ID, BADGE_TYPE, BADGE_DATE, BADGE_IMAGE, USER_ID) VALUES (2, 'CREATIVE_MIND', '2020-05-04 00:00:00', '/resources/badges/creative_mind.png' ,'user4')
INSERT IGNORE INTO badge (BADGE_ID, BADGE_TYPE, BADGE_DATE, BADGE_IMAGE, USER_ID) VALUES (3, 'FRIEND_AND_HELPER', '2020-05-04 00:00:00', '/resources/badges/friend_and_helper.png' ,'user8')
INSERT IGNORE INTO badge (BADGE_ID, BADGE_TYPE, BADGE_DATE, BADGE_IMAGE, USER_ID) VALUES (4, 'ALL_ROUNDER', '2020-05-04 00:00:00', '/resources/badges/all_rounder.png' ,'user6')
INSERT IGNORE INTO badge (BADGE_ID, BADGE_TYPE, BADGE_DATE, BADGE_IMAGE, USER_ID) VALUES (5, 'NIGHT_OWL', '2020-05-04 00:00:00', '/resources/badges/night_owl.png' ,'user6')
INSERT IGNORE INTO badge (BADGE_ID, BADGE_TYPE, BADGE_DATE, BADGE_IMAGE, USER_ID) VALUES (6, 'WISDOM_SEEKER', '2020-05-04 00:00:00', '/resources/badges/wisdom_seeker.png' ,'user22')
INSERT IGNORE INTO badge (BADGE_ID, BADGE_TYPE, BADGE_DATE, BADGE_IMAGE, USER_ID) VALUES (7, 'WEEKLY_CODE_MONKEY', '2020-05-28 00:00:00', '/resources/badges/weekly_code_monkey.png' ,'user20')
INSERT IGNORE INTO badge (BADGE_ID, BADGE_TYPE, BADGE_DATE, BADGE_IMAGE, USER_ID) VALUES (8, 'CREATIVE_MIND', '2020-05-28 00:00:00', '/resources/badges/creative_mind.png' ,'user5')
INSERT IGNORE INTO badge (BADGE_ID, BADGE_TYPE, BADGE_DATE, BADGE_IMAGE, USER_ID) VALUES (9, 'FRIEND_AND_HELPER', '2020-05-28 00:00:00', '/resources/badges/friend_and_helper.png' ,'user23')
INSERT IGNORE INTO badge (BADGE_ID, BADGE_TYPE, BADGE_DATE, BADGE_IMAGE, USER_ID) VALUES (10, 'ALL_ROUNDER', '2020-05-28 00:00:00', '/resources/badges/all_rounder.png' ,'user3')
INSERT IGNORE INTO badge (BADGE_ID, BADGE_TYPE, BADGE_DATE, BADGE_IMAGE, USER_ID) VALUES (11, 'NIGHT_OWL', '2020-05-28 00:00:00', '/resources/badges/night_owl.png' ,'user10')
INSERT IGNORE INTO badge (BADGE_ID, BADGE_TYPE, BADGE_DATE, BADGE_IMAGE, USER_ID) VALUES (12, 'WISDOM_SEEKER', '2020-05-28 00:00:00', '/resources/badges/wisdom_seeker.png' ,'user22')

INSERT IGNORE INTO room (ROOM_NUMBER, CREATE_DATE, CREATE_USER_USERNAME) VALUES (1, '2020-05-07 12:50:00', 'admin')
INSERT IGNORE INTO room (ROOM_NUMBER, CREATE_DATE, CREATE_USER_USERNAME) VALUES (2, '2020-05-07 12:50:00', 'admin')
INSERT IGNORE INTO room (ROOM_NUMBER, CREATE_DATE, CREATE_USER_USERNAME) VALUES (3, '2020-05-07 12:50:00', 'admin')
INSERT IGNORE INTO room (ROOM_NUMBER, CREATE_DATE, CREATE_USER_USERNAME) VALUES (4, '2020-05-07 12:50:00', 'admin')
INSERT IGNORE INTO room (ROOM_NUMBER, CREATE_DATE, CREATE_USER_USERNAME) VALUES (5, '2020-05-07 12:50:00', 'admin')
INSERT IGNORE INTO room (ROOM_NUMBER, CREATE_DATE, CREATE_USER_USERNAME) VALUES (6, '2020-05-07 12:50:00', 'admin')

INSERT IGNORE INTO raspberry (RASPBERRY_ID, CREATE_DATE, CREATE_USER_USERNAME, ROOM_ROOM_NUMBER) VALUES (1, '2020-05-15 15:30:14', 'admin', 1)
INSERT IGNORE INTO raspberry (RASPBERRY_ID, CREATE_DATE, CREATE_USER_USERNAME, ROOM_ROOM_NUMBER) VALUES (2, '2020-05-15 15:30:14', 'admin', 2)
INSERT IGNORE INTO raspberry (RASPBERRY_ID, CREATE_DATE, CREATE_USER_USERNAME, ROOM_ROOM_NUMBER) VALUES (3, '2020-05-15 15:30:14', 'admin', 3)
INSERT IGNORE INTO raspberry (RASPBERRY_ID, CREATE_DATE, CREATE_USER_USERNAME, ROOM_ROOM_NUMBER) VALUES (4, '2020-05-15 15:30:14', 'admin', 4)
INSERT IGNORE INTO raspberry (RASPBERRY_ID, CREATE_DATE, CREATE_USER_USERNAME, ROOM_ROOM_NUMBER) VALUES (5, '2020-05-15 15:30:14', 'admin', 5)

INSERT IGNORE INTO timeflip (MAC_ADDRESS, CREATE_DATE, CREATE_USER_USERNAME, RASPBERRY_RASPBERRY_ID) VALUES ('00:80:41:ae:fd:7e', '2020-05-15 15:30:14', 'admin', 1)
INSERT IGNORE INTO timeflip (MAC_ADDRESS, CREATE_DATE, CREATE_USER_USERNAME, RASPBERRY_RASPBERRY_ID) VALUES ('00:80:41:ae:fd:4e', '2020-05-15 15:30:14', 'admin', 1)
INSERT IGNORE INTO timeflip (MAC_ADDRESS, CREATE_DATE, CREATE_USER_USERNAME, RASPBERRY_RASPBERRY_ID) VALUES ('00:80:41:ae:fd:6e', '2020-05-15 15:30:14', 'admin', 2)
INSERT IGNORE INTO timeflip (MAC_ADDRESS, CREATE_DATE, CREATE_USER_USERNAME, RASPBERRY_RASPBERRY_ID) VALUES ('00:80:41:ae:fd:8e', '2020-05-15 15:30:14', 'admin', 2)
INSERT IGNORE INTO timeflip (MAC_ADDRESS, CREATE_DATE, CREATE_USER_USERNAME, RASPBERRY_RASPBERRY_ID) VALUES ('00:80:40:ae:fd:8e', '2020-05-15 15:30:14', 'admin', 3)
INSERT IGNORE INTO timeflip (MAC_ADDRESS, CREATE_DATE, CREATE_USER_USERNAME, RASPBERRY_RASPBERRY_ID) VALUES ('00:80:42:ae:fd:8e', '2020-05-15 15:30:14', 'admin', 3)
INSERT IGNORE INTO timeflip (MAC_ADDRESS, CREATE_DATE, CREATE_USER_USERNAME, RASPBERRY_RASPBERRY_ID) VALUES ('00:80:43:ae:fd:8e', '2020-05-15 15:30:14', 'admin', 4)
INSERT IGNORE INTO timeflip (MAC_ADDRESS, CREATE_DATE, CREATE_USER_USERNAME, RASPBERRY_RASPBERRY_ID) VALUES ('00:80:44:ae:fd:8e', '2020-05-15 15:30:14', 'admin', 4)
INSERT IGNORE INTO timeflip (MAC_ADDRESS, CREATE_DATE, CREATE_USER_USERNAME, RASPBERRY_RASPBERRY_ID) VALUES ('00:82:44:ae:fd:8e', '2020-05-15 15:30:14', 'admin', 5)
INSERT IGNORE INTO timeflip (MAC_ADDRESS, CREATE_DATE, CREATE_USER_USERNAME, RASPBERRY_RASPBERRY_ID) VALUES ('00:81:44:ae:fd:8e', '2020-05-15 15:30:14', 'admin', 5)


INSERT IGNORE INTO request (request_id, request_type, requester, request_handler_tl, request_handler_dl, requested_start_date, requested_end_date, status) VALUES (1, 2, 'user19', 'user7', 'user2', '2020-07-15 00:00:00', '2020-07-20 00:00:00', 'OPEN')
INSERT IGNORE INTO request (request_id, request_type, requester, request_handler_tl, request_handler_dl, requested_start_date, requested_end_date, status) VALUES (2, 2, 'user19', 'user7', 'user2', '2020-08-15 00:00:00', '2020-08-20 00:00:00', 'ACCEPTED')
INSERT IGNORE INTO request (request_id, request_type, requester, request_handler_tl, request_handler_dl, requested_start_date, requested_end_date, status) VALUES (3, 2, 'user19', 'user7', 'user2', '2020-06-15 00:00:00', '2020-06-20 00:00:00', 'DECLINED')
