INSERT IGNORE INTO user (ENABLED, FIRST_NAME, LAST_NAME, PASSWORD, USERNAME, CREATE_USER_USERNAME, CREATE_DATE, INTERVALL) VALUES(TRUE, 'Admin', 'Istrator', '$2a$10$Mk/CZDjQgLiWd0veXxVKguSamdmUsBJqsgaiCFPx8inYP4.E1rNgO', 'admin', 'admin', '2016-01-01 00:00:00', 'NONE')
INSERT INTO user_user_role (USER_USERNAME, ROLES) VALUES ('admin', 'ADMIN')

INSERT IGNORE INTO user (ENABLED, FIRST_NAME, LAST_NAME, PASSWORD, USERNAME, CREATE_USER_USERNAME, CREATE_DATE, INTERVALL) VALUES(TRUE, 'Miranda', 'Priestly', '$2a$10$Mk/CZDjQgLiWd0veXxVKguSamdmUsBJqsgaiCFPx8inYP4.E1rNgO', 'user1', 'admin', '2016-01-01 00:00:00', 'NONE')
INSERT INTO user_user_role (USER_USERNAME, ROLES) VALUES ('user1', 'DEPARTMENTLEADER')
INSERT INTO user_user_role (USER_USERNAME, ROLES) VALUES ('user1', 'EMPLOYEE')
INSERT IGNORE INTO user (ENABLED, FIRST_NAME, LAST_NAME, PASSWORD, USERNAME, CREATE_USER_USERNAME, CREATE_DATE, INTERVALL) VALUES(TRUE, 'Alvero', 'Morte', '$2a$10$Mk/CZDjQgLiWd0veXxVKguSamdmUsBJqsgaiCFPx8inYP4.E1rNgO', 'user2', 'admin', '2016-01-01 00:00:00', 'NONE')
INSERT INTO user_user_role (USER_USERNAME, ROLES) VALUES ('user2', 'DEPARTMENTLEADER')
INSERT INTO user_user_role (USER_USERNAME, ROLES) VALUES ('user2', 'EMPLOYEE')
INSERT IGNORE INTO user (ENABLED, FIRST_NAME, LAST_NAME, PASSWORD, USERNAME, CREATE_USER_USERNAME, CREATE_DATE, INTERVALL) VALUES(TRUE, 'Erlich', 'Bachman', '$2a$10$Mk/CZDjQgLiWd0veXxVKguSamdmUsBJqsgaiCFPx8inYP4.E1rNgO', 'user3', 'admin', '2016-01-01 00:00:00', 'NONE')
INSERT INTO user_user_role (USER_USERNAME, ROLES) VALUES ('user3', 'DEPARTMENTLEADER')
INSERT INTO user_user_role (USER_USERNAME, ROLES) VALUES ('user3', 'EMPLOYEE')
INSERT IGNORE INTO user (ENABLED, FIRST_NAME, LAST_NAME, PASSWORD, USERNAME, CREATE_USER_USERNAME, CREATE_DATE, INTERVALL) VALUES(TRUE, 'Michal', 'Scott', '$2a$10$Mk/CZDjQgLiWd0veXxVKguSamdmUsBJqsgaiCFPx8inYP4.E1rNgO', 'user4', 'admin', '2016-01-01 00:00:00', 'NONE')
INSERT INTO user_user_role (USER_USERNAME, ROLES) VALUES ('user4', 'DEPARTMENTLEADER')
INSERT INTO user_user_role (USER_USERNAME, ROLES) VALUES ('user4', 'EMPLOYEE')
INSERT IGNORE INTO user (ENABLED, FIRST_NAME, LAST_NAME, PASSWORD, USERNAME, CREATE_USER_USERNAME, CREATE_DATE, INTERVALL) VALUES(TRUE, 'Jen', 'Barber', '$2a$10$Mk/CZDjQgLiWd0veXxVKguSamdmUsBJqsgaiCFPx8inYP4.E1rNgO', 'user5', 'admin', '2016-01-01 00:00:00', 'NONE')
INSERT INTO user_user_role (USER_USERNAME, ROLES) VALUES ('user5', 'DEPARTMENTLEADER')
INSERT INTO user_user_role (USER_USERNAME, ROLES) VALUES ('user5', 'EMPLOYEE')



INSERT IGNORE INTO user (ENABLED, FIRST_NAME, LAST_NAME, PASSWORD, USERNAME, CREATE_USER_USERNAME, CREATE_DATE, INTERVALL) VALUES(TRUE, 'Nigel', 'Tucci', '$2a$10$Mk/CZDjQgLiWd0veXxVKguSamdmUsBJqsgaiCFPx8inYP4.E1rNgO', 'user6', 'admin', '2016-01-01 00:00:00', 'NONE')
INSERT INTO user_user_role (USER_USERNAME, ROLES) VALUES ('user6', 'TEAMLEADER')
INSERT INTO user_user_role (USER_USERNAME, ROLES) VALUES ('user6', 'EMPLOYEE')
INSERT IGNORE INTO user (ENABLED, FIRST_NAME, LAST_NAME, PASSWORD, USERNAME, CREATE_USER_USERNAME, CREATE_DATE, INTERVALL) VALUES(TRUE, 'Andrea', 'Sachs', '$2a$10$Mk/CZDjQgLiWd0veXxVKguSamdmUsBJqsgaiCFPx8inYP4.E1rNgO', 'user7', 'admin', '2016-01-01 00:00:00', 'NONE')
INSERT INTO user_user_role (USER_USERNAME, ROLES) VALUES ('user7', 'TEAMLEADER')
INSERT INTO user_user_role (USER_USERNAME, ROLES) VALUES ('user7', 'EMPLOYEE')
INSERT IGNORE INTO user (ENABLED, FIRST_NAME, LAST_NAME, PASSWORD, USERNAME, CREATE_USER_USERNAME, CREATE_DATE, INTERVALL) VALUES(TRUE, 'Pedro', 'Alonso', '$2a$10$Mk/CZDjQgLiWd0veXxVKguSamdmUsBJqsgaiCFPx8inYP4.E1rNgO', 'user8', 'admin', '2016-01-01 00:00:00', 'NONE')
INSERT INTO user_user_role (USER_USERNAME, ROLES) VALUES ('user8', 'TEAMLEADER')
INSERT INTO user_user_role (USER_USERNAME, ROLES) VALUES ('user8', 'EMPLOYEE')
INSERT IGNORE INTO user (ENABLED, FIRST_NAME, LAST_NAME, PASSWORD, USERNAME, CREATE_USER_USERNAME, CREATE_DATE, INTERVALL) VALUES(TRUE, 'Raqhel', 'Murillo', '$2a$10$Mk/CZDjQgLiWd0veXxVKguSamdmUsBJqsgaiCFPx8inYP4.E1rNgO', 'user9', 'admin', '2016-01-01 00:00:00', 'NONE')
INSERT INTO user_user_role (USER_USERNAME, ROLES) VALUES ('user9', 'TEAMLEADER')
INSERT INTO user_user_role (USER_USERNAME, ROLES) VALUES ('user9', 'EMPLOYEE')
INSERT IGNORE INTO user (ENABLED, FIRST_NAME, LAST_NAME, PASSWORD, USERNAME, CREATE_USER_USERNAME, CREATE_DATE, INTERVALL) VALUES(TRUE, 'Monica', 'Hall', '$2a$10$Mk/CZDjQgLiWd0veXxVKguSamdmUsBJqsgaiCFPx8inYP4.E1rNgO', 'user10', 'admin', '2016-01-01 00:00:00', 'NONE')
INSERT INTO user_user_role (USER_USERNAME, ROLES) VALUES ('user10', 'TEAMLEADER')
INSERT INTO user_user_role (USER_USERNAME, ROLES) VALUES ('user10', 'EMPLOYEE')
INSERT IGNORE INTO user (ENABLED, FIRST_NAME, LAST_NAME, PASSWORD, USERNAME, CREATE_USER_USERNAME, CREATE_DATE, INTERVALL) VALUES(TRUE, 'Richard', 'Hendricks', '$2a$10$Mk/CZDjQgLiWd0veXxVKguSamdmUsBJqsgaiCFPx8inYP4.E1rNgO', 'user11', 'admin', '2016-01-01 00:00:00', 'NONE')
INSERT INTO user_user_role (USER_USERNAME, ROLES) VALUES ('user11', 'TEAMLEADER')
INSERT INTO user_user_role (USER_USERNAME, ROLES) VALUES ('user11', 'EMPLOYEE')
INSERT IGNORE INTO user (ENABLED, FIRST_NAME, LAST_NAME, PASSWORD, USERNAME, CREATE_USER_USERNAME, CREATE_DATE, INTERVALL) VALUES(TRUE, 'Pam', 'Beesly', '$2a$10$Mk/CZDjQgLiWd0veXxVKguSamdmUsBJqsgaiCFPx8inYP4.E1rNgO', 'user12', 'admin', '2016-01-01 00:00:00', 'NONE')
INSERT INTO user_user_role (USER_USERNAME, ROLES) VALUES ('user12', 'TEAMLEADER')
INSERT INTO user_user_role (USER_USERNAME, ROLES) VALUES ('user12', 'EMPLOYEE')
INSERT IGNORE INTO user (ENABLED, FIRST_NAME, LAST_NAME, PASSWORD, USERNAME, CREATE_USER_USERNAME, CREATE_DATE, INTERVALL) VALUES(TRUE, 'Jim', 'Halpert', '$2a$10$Mk/CZDjQgLiWd0veXxVKguSamdmUsBJqsgaiCFPx8inYP4.E1rNgO', 'user13', 'admin', '2016-01-01 00:00:00', 'NONE')
INSERT INTO user_user_role (USER_USERNAME, ROLES) VALUES ('user13', 'TEAMLEADER')
INSERT INTO user_user_role (USER_USERNAME, ROLES) VALUES ('user13', 'EMPLOYEE')
INSERT IGNORE INTO user (ENABLED, FIRST_NAME, LAST_NAME, PASSWORD, USERNAME, CREATE_USER_USERNAME, CREATE_DATE, INTERVALL) VALUES(TRUE,  'Maurice', 'Moss', '$2a$10$Mk/CZDjQgLiWd0veXxVKguSamdmUsBJqsgaiCFPx8inYP4.E1rNgO', 'user14', 'admin', '2016-01-01 00:00:00', 'NONE')
INSERT INTO user_user_role (USER_USERNAME, ROLES) VALUES ('user14', 'TEAMLEADER')
INSERT INTO user_user_role (USER_USERNAME, ROLES) VALUES ('user14', 'EMPLOYEE')
INSERT IGNORE INTO user (ENABLED, FIRST_NAME, LAST_NAME, PASSWORD, USERNAME, CREATE_USER_USERNAME, CREATE_DATE, INTERVALL) VALUES(TRUE, 'Roy', 'Trenneman', '$2a$10$Mk/CZDjQgLiWd0veXxVKguSamdmUsBJqsgaiCFPx8inYP4.E1rNgO', 'user15', 'admin', '2016-01-01 00:00:00', 'NONE')
INSERT INTO user_user_role (USER_USERNAME, ROLES) VALUES ('user15', 'TEAMLEADER')
INSERT INTO user_user_role (USER_USERNAME, ROLES) VALUES ('user15', 'EMPLOYEE')

INSERT IGNORE INTO user (ENABLED, FIRST_NAME, LAST_NAME, PASSWORD, USERNAME, CREATE_USER_USERNAME, CREATE_DATE, INTERVALL) VALUES(TRUE, 'Emily', 'Blunt', '$2a$10$Mk/CZDjQgLiWd0veXxVKguSamdmUsBJqsgaiCFPx8inYP4.E1rNgO', 'user16', 'admin', '2016-01-01 00:00:00', 'NONE')
INSERT INTO user_user_role (USER_USERNAME, ROLES) VALUES ('user16', 'EMPLOYEE')
INSERT IGNORE INTO user (ENABLED, FIRST_NAME, LAST_NAME, PASSWORD, USERNAME, CREATE_USER_USERNAME, CREATE_DATE, INTERVALL) VALUES(TRUE, 'Christian', 'Thompson', '$2a$10$Mk/CZDjQgLiWd0veXxVKguSamdmUsBJqsgaiCFPx8inYP4.E1rNgO', 'user17', 'admin', '2016-01-01 00:00:00', 'NONE')
INSERT INTO user_user_role (USER_USERNAME, ROLES) VALUES ('user17', 'EMPLOYEE')
INSERT IGNORE INTO user (ENABLED, FIRST_NAME, LAST_NAME, PASSWORD, USERNAME, CREATE_USER_USERNAME, CREATE_DATE, INTERVALL) VALUES(TRUE, 'Serena', 'Bündchen', '$2a$10$Mk/CZDjQgLiWd0veXxVKguSamdmUsBJqsgaiCFPx8inYP4.E1rNgO', 'user18', 'admin', '2016-01-01 00:00:00', 'NONE')
INSERT INTO user_user_role (USER_USERNAME, ROLES) VALUES ('user18', 'EMPLOYEE')
INSERT IGNORE INTO user (ENABLED, FIRST_NAME, LAST_NAME, PASSWORD, USERNAME, CREATE_USER_USERNAME, CREATE_DATE, INTERVALL) VALUES(TRUE, 'Ursula', 'Corbero', '$2a$10$Mk/CZDjQgLiWd0veXxVKguSamdmUsBJqsgaiCFPx8inYP4.E1rNgO', 'user19', 'admin', '2016-01-01 00:00:00', 'NONE')
INSERT INTO user_user_role (USER_USERNAME, ROLES) VALUES ('user19', 'EMPLOYEE')
INSERT IGNORE INTO user (ENABLED, FIRST_NAME, LAST_NAME, PASSWORD, USERNAME, CREATE_USER_USERNAME, CREATE_DATE, INTERVALL) VALUES(TRUE, 'Miguel', 'Herran', '$2a$10$Mk/CZDjQgLiWd0veXxVKguSamdmUsBJqsgaiCFPx8inYP4.E1rNgO', 'user20', 'admin', '2016-01-01 00:00:00', 'NONE')
INSERT INTO user_user_role (USER_USERNAME, ROLES) VALUES ('user20', 'EMPLOYEE')
INSERT IGNORE INTO user (ENABLED, FIRST_NAME, LAST_NAME, PASSWORD, USERNAME, CREATE_USER_USERNAME, CREATE_DATE, INTERVALL) VALUES(TRUE, 'Alba', 'Flores', '$2a$10$Mk/CZDjQgLiWd0veXxVKguSamdmUsBJqsgaiCFPx8inYP4.E1rNgO', 'user21', 'admin', '2016-01-01 00:00:00', 'NONE')
INSERT INTO user_user_role (USER_USERNAME, ROLES) VALUES ('user21', 'EMPLOYEE')
INSERT IGNORE INTO user (ENABLED, FIRST_NAME, LAST_NAME, PASSWORD, USERNAME, CREATE_USER_USERNAME, CREATE_DATE, INTERVALL) VALUES(TRUE, 'Nelson', 'Bighetti', '$2a$10$Mk/CZDjQgLiWd0veXxVKguSamdmUsBJqsgaiCFPx8inYP4.E1rNgO', 'user22', 'admin', '2016-01-01 00:00:00', 'NONE')
INSERT INTO user_user_role (USER_USERNAME, ROLES) VALUES ('user22', 'EMPLOYEE')
INSERT IGNORE INTO user (ENABLED, FIRST_NAME, LAST_NAME, PASSWORD, USERNAME, CREATE_USER_USERNAME, CREATE_DATE, INTERVALL) VALUES(TRUE, 'Laurie', 'Bream', '$2a$10$Mk/CZDjQgLiWd0veXxVKguSamdmUsBJqsgaiCFPx8inYP4.E1rNgO', 'user23', 'admin', '2016-01-01 00:00:00', 'NONE')
INSERT INTO user_user_role (USER_USERNAME, ROLES) VALUES ('user23', 'EMPLOYEE')
INSERT IGNORE INTO user (ENABLED, FIRST_NAME, LAST_NAME, PASSWORD, USERNAME, CREATE_USER_USERNAME, CREATE_DATE, INTERVALL) VALUES(TRUE, 'Dinesh', 'Chugtai', '$2a$10$Mk/CZDjQgLiWd0veXxVKguSamdmUsBJqsgaiCFPx8inYP4.E1rNgO', 'user24', 'admin', '2016-01-01 00:00:00', 'NONE')
INSERT INTO user_user_role (USER_USERNAME, ROLES) VALUES ('user24', 'EMPLOYEE')
INSERT IGNORE INTO user (ENABLED, FIRST_NAME, LAST_NAME, PASSWORD, USERNAME, CREATE_USER_USERNAME, CREATE_DATE, INTERVALL) VALUES(TRUE, 'Dwight', 'Schrute', '$2a$10$Mk/CZDjQgLiWd0veXxVKguSamdmUsBJqsgaiCFPx8inYP4.E1rNgO', 'user25', 'admin', '2016-01-01 00:00:00', 'NONE')
INSERT INTO user_user_role (USER_USERNAME, ROLES) VALUES ('user25', 'EMPLOYEE')
INSERT IGNORE INTO user (ENABLED, FIRST_NAME, LAST_NAME, PASSWORD, USERNAME, CREATE_USER_USERNAME, CREATE_DATE, INTERVALL) VALUES(TRUE, 'Angela', 'Kinsey', '$2a$10$Mk/CZDjQgLiWd0veXxVKguSamdmUsBJqsgaiCFPx8inYP4.E1rNgO', 'user26', 'admin', '2016-01-01 00:00:00', 'NONE')
INSERT INTO user_user_role (USER_USERNAME, ROLES) VALUES ('user26', 'EMPLOYEE')
INSERT IGNORE INTO user (ENABLED, FIRST_NAME, LAST_NAME, PASSWORD, USERNAME, CREATE_USER_USERNAME, CREATE_DATE, INTERVALL) VALUES(TRUE, 'Kelly', 'Kapoor', '$2a$10$Mk/CZDjQgLiWd0veXxVKguSamdmUsBJqsgaiCFPx8inYP4.E1rNgO', 'user27', 'admin', '2016-01-01 00:00:00', 'NONE')
INSERT INTO user_user_role (USER_USERNAME, ROLES) VALUES ('user27', 'EMPLOYEE')
INSERT IGNORE INTO user (ENABLED, FIRST_NAME, LAST_NAME, PASSWORD, USERNAME, CREATE_USER_USERNAME, CREATE_DATE, INTERVALL) VALUES(TRUE, 'Douglas', 'Reymond', '$2a$10$Mk/CZDjQgLiWd0veXxVKguSamdmUsBJqsgaiCFPx8inYP4.E1rNgO', 'user28', 'admin', '2016-01-01 00:00:00', 'NONE')
INSERT INTO user_user_role (USER_USERNAME, ROLES) VALUES ('user28', 'EMPLOYEE')
INSERT IGNORE INTO user (ENABLED, FIRST_NAME, LAST_NAME, PASSWORD, USERNAME, CREATE_USER_USERNAME, CREATE_DATE, INTERVALL) VALUES(TRUE, 'Richmond', 'Fielding', '$2a$10$Mk/CZDjQgLiWd0veXxVKguSamdmUsBJqsgaiCFPx8inYP4.E1rNgO', 'user29', 'admin', '2016-01-01 00:00:00', 'NONE')
INSERT INTO user_user_role (USER_USERNAME, ROLES) VALUES ('user29', 'EMPLOYEE')
INSERT IGNORE INTO user (ENABLED, FIRST_NAME, LAST_NAME, PASSWORD, USERNAME, CREATE_USER_USERNAME, CREATE_DATE, INTERVALL) VALUES(TRUE, 'Rachel', 'Riley', '$2a$10$Mk/CZDjQgLiWd0veXxVKguSamdmUsBJqsgaiCFPx8inYP4.E1rNgO', 'user30', 'admin', '2016-01-01 00:00:00', 'NONE')
INSERT INTO user_user_role (USER_USERNAME, ROLES) VALUES ('user30', 'EMPLOYEE')



INSERT IGNORE INTO department(DEPARTMENT_NAME, HEAD_OF_DEPARTMENT_USERNAME) VALUES ('Management', 'user1')
INSERT IGNORE INTO department(DEPARTMENT_NAME, HEAD_OF_DEPARTMENT_USERNAME) VALUES ('Accounting','user2')
INSERT IGNORE INTO department(DEPARTMENT_NAME, HEAD_OF_DEPARTMENT_USERNAME) VALUES ('IT','user3')
INSERT IGNORE INTO department(DEPARTMENT_NAME, HEAD_OF_DEPARTMENT_USERNAME) VALUES ('Sales & Marketing','user4')
INSERT IGNORE INTO department(DEPARTMENT_NAME, HEAD_OF_DEPARTMENT_USERNAME) VALUES ('Human Resources','user5')

INSERT IGNORE INTO team (TEAM_NAME, DEPARTMENT_ID, LEADER_USERNAME) VALUES  ('Top-Management', 'Management','user6')
INSERT INTO team_user (TEAM_NAME, USERNAME) VALUES ('Top-Management', 'user6')
INSERT INTO team_user (TEAM_NAME, USERNAME) VALUES ('Top-Management', 'user16')
INSERT INTO team_user (TEAM_NAME, USERNAME) VALUES ('Top-Management', 'user17')

INSERT IGNORE INTO team (TEAM_NAME, DEPARTMENT_ID, LEADER_USERNAME) VALUES  ('Coordination & Controll', 'Management','user7')
INSERT INTO team_user (TEAM_NAME, USERNAME) VALUES ('Coordination & Controll', 'user7')
INSERT INTO team_user (TEAM_NAME, USERNAME) VALUES ('Coordination & Controll', 'user18')


INSERT IGNORE INTO team (TEAM_NAME, DEPARTMENT_ID, LEADER_USERNAME) VALUES  ('Invoince Clients', 'Accounting','user8')
INSERT INTO team_user (TEAM_NAME, USERNAME) VALUES ('Invoince Clients', 'user19')
INSERT INTO team_user (TEAM_NAME, USERNAME) VALUES ('Invoince Clients', 'user20')
INSERT INTO team_user (TEAM_NAME, USERNAME) VALUES ('Invoince Clients', 'user8')

INSERT IGNORE INTO team (TEAM_NAME, DEPARTMENT_ID, LEADER_USERNAME) VALUES  ('Inventory Management', 'Accounting','user9')
INSERT INTO team_user (TEAM_NAME, USERNAME) VALUES ('Inventory Management', 'user9')
INSERT INTO team_user (TEAM_NAME, USERNAME) VALUES ('Inventory Management', 'user21')

INSERT IGNORE INTO team (TEAM_NAME, DEPARTMENT_ID, LEADER_USERNAME) VALUES  ('Network & Security', 'IT','user10')
INSERT INTO team_user (TEAM_NAME, USERNAME) VALUES ('Network & Security', 'user10')
INSERT INTO team_user (TEAM_NAME, USERNAME) VALUES ('Network & Security', 'user22')
INSERT INTO team_user (TEAM_NAME, USERNAME) VALUES ('Network & Security', 'user23')

INSERT IGNORE INTO team (TEAM_NAME, DEPARTMENT_ID, LEADER_USERNAME) VALUES  ('Webdevelopment', 'IT','user11')
INSERT INTO team_user (TEAM_NAME, USERNAME) VALUES ('Webdevelopment', 'user11')
INSERT INTO team_user (TEAM_NAME, USERNAME) VALUES ('Webdevelopment', 'user24')

INSERT IGNORE INTO team (TEAM_NAME, DEPARTMENT_ID, LEADER_USERNAME) VALUES  ('Advertising', 'Sales & Marketing','user12')
INSERT INTO team_user (TEAM_NAME, USERNAME) VALUES ('Advertising', 'user12')
INSERT INTO team_user (TEAM_NAME, USERNAME) VALUES ('Advertising', 'user25')

INSERT IGNORE INTO team (TEAM_NAME, DEPARTMENT_ID, LEADER_USERNAME) VALUES  ('Customer Service', 'Sales & Marketing','user13')
INSERT INTO team_user (TEAM_NAME, USERNAME) VALUES ('Customer Service', 'user13')
INSERT INTO team_user (TEAM_NAME, USERNAME) VALUES ('Customer Service', 'user26')
INSERT INTO team_user (TEAM_NAME, USERNAME) VALUES ('Customer Service', 'user27')

INSERT IGNORE INTO team (TEAM_NAME, DEPARTMENT_ID, LEADER_USERNAME) VALUES  ('Eployee Management', 'Human Resources','user14')
INSERT INTO team_user (TEAM_NAME, USERNAME) VALUES ('Eployee Management', 'user14')
INSERT INTO team_user (TEAM_NAME, USERNAME) VALUES ('Eployee Management', 'user28')
INSERT INTO team_user (TEAM_NAME, USERNAME) VALUES ('Eployee Management', 'user29')

INSERT IGNORE INTO team (TEAM_NAME, DEPARTMENT_ID, LEADER_USERNAME) VALUES  ('Recruiting', 'Human Resources','user15')
INSERT INTO team_user (TEAM_NAME, USERNAME) VALUES ('Recruiting', 'user15')
INSERT INTO team_user (TEAM_NAME, USERNAME) VALUES ('Recruiting', 'user30')